"0","library(markdown)"
"0","library(knitr)"
"0","library(readr)"
"0","library(stringr)"
"0","library(plyr)"
"0","library(dplyr)"
"0","library(readxl)"
"0","library(writexl)"
"0","library(stringi)"
"0","library(here)"
"0","library(ggplot2)"
"0","library(haven)"
"0","library(reshape)"
"0","library(tidyr)"
"0","library(janitor)"
"0","library(fuzzyjoin)"
"0","library(scales)"
"0","library(plm)"
"0","library(lmtest)"
"0","library(pxR)"
"0","library(stargazer)"
"0","library(clubSandwich)"
"0","library(corrplot)"
"0","library(reshape2)"
"0","library(ggrepel)    "
"0","library(ggpubr)"
"0","library(panelr)"
"0","library(Hmisc)"
"0","library(hrbrthemes)"
"0","library(here)"
